State,Average_Annual_Rainfall_per_sqkm
Johor,0.4260303413400759
Kedah,0.4874751879699248
Kelantan,0.39927242106856653
Labuan,38.806436420722136
Melaka,1.2265453296703297
Negeri Sembilan,0.2821870860219649
Pahang,0.28452555552480835
Perak,0.30256443342728107
Perlis,2.3437967635287973
Pulau Pinang,4.398705016357688
Sabah,0.14492595316025667
Sarawak,0.15040865522585087
Selangor,1.0082833873924693
Terengganu,0.2529716696805305
Kuala Lumpur,1.0082833873924693
Putrajaya,1.0082833873924693
